{
    "ACDM": {
        "words of affirmation": {
            "Noun": [
                "love"
            ]
        },
        "quality time": {
            "Noun": [
                "love"
            ]
        },
        "acts of service": {
            "Noun": [
                "love"
            ]
        },
        "physical touch": {
            "Noun": [
                "love"
            ]
        },
        "gifts": {
            "Noun": [
                "love"
            ]
        },
        "express": {
            "Verb": [
                "communication"
            ]
        },
        "show": {
            "Verb": [
                "communication"
            ]
        },
        "help": {
            "Verb": [
                "communication"
            ]
        },
        "hug": {
            "Verb": [
                "communication"
            ]
        },
        "give": {
            "Verb": [
                "communication"
            ]
        },
        "positive assumptions": {
            "Noun": [
                "positivity"
            ]
        },
        "any anxiety": {
            "Noun": [
                "anxiety"
            ]
        },
        "amazing resolutions": {
            "Noun": [
                "positivity"
            ]
        },
        "trust them to support me": {
            "Noun": [
                "support"
            ],
            "Verb": [
                "trust"
            ]
        },
        "feeling happy with those feelings": {
            "Noun": [
                "feelings"
            ]
        },
        "understood by the humans around them": {
            "Noun": [
                "humans"
            ],
            "Adjective": [
                "understood"
            ]
        },
        "people in my life": {
            "Noun": [
                "humans"
            ]
        },
        "evil perceptions of people in my life": {
            "Noun": [
                "perceptions"
            ]
        },
        "any worries about life": {
            "Noun": [
                "worries"
            ]
        },
        "worrying about shit": {
            "Noun": [
                "worries"
            ]
        },
        "confidence in my ability to create": {
            "Noun": [
                "confidence"
            ]
        },
        "a state of confidence": {
            "Noun": [
                "confidence",
                "state"
            ]
        },
        "complete confidence trusting and knowing securely in myself": {
            "Noun": [
                "confidence"
            ]
        },
        "the changes I desire": {
            "Noun": [
                "changes"
            ]
        },
        "interactions with others": {
            "Noun": [
                "interactions"
            ]
        },
        "the solutions I desire": {
            "Noun": [
                "solutions"
            ]
        },
        "my greatest inner powers": {
            "Noun": [
                "powers"
            ]
        },
        "my life": {
            "Noun": [
                "life",
                "life",
                "life"
            ]
        },
        "positive powers": {
            "Adjective": [
                "positive"
            ]
        },
        "feeling happy": {
            "Adjective": [
                "happy"
            ]
        },
        "fully supported": {
            "Adjective": [
                "supported"
            ]
        },
        "evil perceptions": {
            "Noun": [
                "perceptions"
            ]
        },
        "completely powerful": {
            "Adjective": [
                "powerful"
            ]
        },
        "aligned with my greatest inner powers": {
            "Adjective": [
                "aligned"
            ],
            "Verb": [
                "align"
            ]
        },
        "a state of complete confidence": {
            "Adjective": [
                "complete"
            ]
        },
        "completely empowered": {
            "Adjective": [
                "complete"
            ]
        },
        "completely detaching": {
            "Adjective": [
                "complete"
            ],
            "Verb": [
                "detaching"
            ]
        },
        "always making positive assumptions": {
            "Verb": [
                "making"
            ]
        },
        "trust that things will work out": {
            "Verb": [
                "trust"
            ]
        },
        "remaining faithful to feeling happy": {
            "Verb": [
                "remaining"
            ]
        },
        "always identifying as someone who is fully supported": {
            "Verb": [
                "identifying"
            ]
        },
        "negatively projecting": {
            "Verb": [
                "projecting"
            ]
        },
        "approaching every topic": {
            "Verb": [
                "approaching"
            ]
        },
        "ability to create": {
            "Noun": [
                "ability",
                "ability",
                "ability"
            ]
        },
        "completely empowered to create": {
            "Verb": [
                "create"
            ]
        },
        "create the changes": {
            "Verb": [
                "create"
            ]
        },
        "able to create the solutions": {
            "Verb": [
                "create"
            ]
        },
        "able to cultivate a state of complete confidence": {
            "Verb": [
                "cultivate"
            ]
        },
        "confidence that translates in my interactions with others": {
            "Verb": [
                "translate"
            ]
        },
        "knowing securely in myself": {
            "Verb": [
                "knowing"
            ]
        },
        "people love me and support me": {
            "Verb": [
                "love"
            ]
        },
        "no longer worrying": {
            "Verb": [
                "worrying"
            ]
        },
        "the best girlfriends": {
            "Noun": [
                "relationship",
                "personality"
            ]
        },
        "a relationship with a trans girl": {
            "Noun": [
                "relationship"
            ]
        },
        "an exciting chase where normal and hot trans girls fight for me to choose them": {
            "Noun": [
                "relationship"
            ]
        },
        "safe enjoyable sex": {
            "Noun": [
                "experience"
            ]
        },
        "attractive trans girls": {
            "Noun": [
                "trans girl"
            ]
        },
        "hot trans girls": {
            "Noun": [
                "gender",
                "personality"
            ]
        },
        "normal and hot trans girls": {
            "Noun": [
                "trans girl"
            ]
        },
        "beautiful": {
            "Adjective": [
                "physical"
            ]
        },
        "normal": {
            "Adjective": [
                "physical"
            ]
        },
        "deserving": {
            "Adjective": [
                "selfesteem"
            ]
        },
        "pursuing": {
            "Verb": [
                "emotional"
            ]
        },
        "exciting": {
            "Adjective": [
                "selfesteem"
            ]
        },
        "attracting": {
            "Verb": [
                "social"
            ]
        },
        "having": {
            "Verb": [
                "social"
            ]
        },
        "like": {
            "Verb": [
                "social"
            ]
        },
        "becoming": {
            "Verb": [
                "social"
            ]
        },
        "ask": {
            "Verb": [
                "social"
            ]
        },
        "pursued": {
            "Verb": [
                "social"
            ]
        },
        "chasing": {
            "Noun": [
                "girl"
            ]
        },
        "doubting": {
            "Verb": [
                "social"
            ]
        },
        "fight": {
            "Verb": [
                "social"
            ]
        },
        "Hot Trans Dating": {
            "Noun": [
                "romantic"
            ]
        },
        "Love Languages": {
            "Noun": [
                "romantic"
            ]
        },
        "Hot Trans Girls": {
            "Noun": [
                "romantic"
            ]
        },
        "College Acceptance": {
            "Noun": [
                "education"
            ]
        },
        "College": {
            "Noun": [
                "education"
            ]
        },
        "School": {
            "Noun": [
                "education"
            ]
        },
        "Paid": {
            "Noun": [
                "financial"
            ]
        },
        "safe": {
            "Noun": [
                "security"
            ]
        },
        "secure": {
            "Noun": [
                "security"
            ]
        },
        "starter": {
            "Noun": [
                "security"
            ]
        },
        "Hot": {
            "Adjective": [
                "romantic"
            ]
        },
        "Want": {
            "Verb": [
                "social"
            ]
        },
        "tight youthful vibrant skin": {
            "Noun": [
                "skin"
            ]
        },
        "healthy luscious hair": {
            "Noun": [
                "skin"
            ],
            "Adjective": [
                "healthy"
            ]
        },
        "strong nails": {
            "Noun": [
                "skin"
            ]
        },
        "healthy skin nails and hair": {
            "Noun": [
                "skin"
            ],
            "Adjective": [
                "healthy"
            ]
        },
        "compliments on my skin nails and hair": {
            "Noun": [
                "skin"
            ]
        },
        "natural ideas and solutions": {
            "Noun": [
                "ideas"
            ],
            "Adjective": [
                "natural"
            ]
        },
        "embodiment of vitality and beauty": {
            "Noun": [
                "vitality"
            ]
        },
        "youthful juicy energy": {
            "Noun": [
                "vitality"
            ],
            "Adjective": [
                "youthful"
            ]
        },
        "muscle": {
            "Noun": [
                "workout"
            ]
        },
        "best shape of my life": {
            "Noun": [
                "muscle",
                "shape"
            ],
            "Adjective": [
                "best"
            ]
        },
        "ideal physique": {
            "Noun": [
                "muscle"
            ],
            "Adjective": [
                "ideal"
            ]
        },
        "enough sleep": {
            "Noun": [
                "sleep"
            ]
        },
        "discipline": {
            "Noun": [
                "discipline"
            ]
        },
        "remaining disciplined": {
            "Noun": [
                "discipline"
            ],
            "Verb": [
                "remain"
            ]
        },
        "no limitations": {
            "Noun": [
                "limitations"
            ]
        },
        "putting on mass": {
            "Noun": [
                "mass"
            ],
            "Verb": [
                "putting"
            ]
        },
        "healthy consistent balanced relationship with food": {
            "Noun": [
                "relationship"
            ],
            "Adjective": [
                "healthy"
            ]
        },
        "enough energy": {
            "Noun": [
                "energy"
            ]
        },
        "habits of overeating or underrating": {
            "Noun": [
                "habits"
            ]
        },
        "fitness goals": {
            "Noun": [
                "workout"
            ]
        },
        "natural state": {
            "Noun": [
                "state"
            ],
            "Adjective": [
                "natural"
            ]
        },
        "comparison to other people or models": {
            "Noun": [
                "comparison"
            ]
        },
        "grounded in my own beauty": {
            "Noun": [
                "beauty"
            ]
        },
        "temptation": {
            "Noun": [
                "beauty"
            ]
        },
        "delicious and gorgeous": {
            "Noun": [
                "beauty"
            ]
        },
        "captivating and alluring": {
            "Noun": [
                "beauty"
            ]
        },
        "natural charm and charisma": {
            "Noun": [
                "beauty"
            ]
        },
        "addictive": {
            "Noun": [
                "beauty"
            ],
            "Verb": [
                "add",
                "add"
            ]
        },
        "beauty": {
            "Noun": [
                "beauty"
            ]
        },
        "irresistible and addictive": {
            "Noun": [
                "beauty"
            ]
        },
        "youthful": {
            "Adjective": [
                "successful"
            ]
        },
        "tight": {
            "Adjective": [
                "successful"
            ]
        },
        "vibrant": {
            "Adjective": [
                "successful"
            ]
        },
        "healthy": {
            "Adjective": [
                "healthy"
            ]
        },
        "strong": {
            "Adjective": [
                "healthy"
            ]
        },
        "easier": {
            "Adjective": [
                "easier"
            ]
        },
        "increasingly easier": {
            "Adjective": [
                "increasingly"
            ]
        },
        "naturally release": {
            "Adjective": [
                "natural"
            ],
            "Verb": [
                "release"
            ]
        },
        "embodying a natural charm and charisma": {
            "Adjective": [
                "natural"
            ],
            "Verb": [
                "embody"
            ]
        },
        "delicious": {
            "Adjective": [
                "delicious"
            ]
        },
        "gorgeous": {
            "Adjective": [
                "gorgeous"
            ]
        },
        "have tight youthful vibrant skin": {
            "Verb": [
                "have"
            ]
        },
        "have healthy luscious hair": {
            "Verb": [
                "have"
            ]
        },
        "have beautiful strong nails": {
            "Verb": [
                "have"
            ]
        },
        "natural ideas and solutions come to me": {
            "Verb": [
                "come"
            ]
        },
        "maintain healthy skin nails and hair": {
            "Verb": [
                "maintain"
            ]
        },
        "maintain any lifestyle changes needed": {
            "Verb": [
                "maintain"
            ]
        },
        "maintain my ideal physique": {
            "Verb": [
                "maintain"
            ]
        },
        "receiving compliments": {
            "Verb": [
                "receive"
            ]
        },
        "receiving compliments on my skin nails and hair": {
            "Verb": [
                "receive"
            ]
        },
        "getting healthier": {
            "Verb": [
                "get"
            ]
        },
        "getting better": {
            "Verb": [
                "get"
            ]
        },
        "get enough sleep": {
            "Verb": [
                "get"
            ]
        },
        "remaining toned year-round": {
            "Verb": [
                "remain",
                "tone"
            ]
        },
        "hold me back": {
            "Verb": [
                "hold"
            ]
        },
        "building muscle": {
            "Verb": [
                "build"
            ]
        },
        "forming a healthy consistent balanced relationship": {
            "Verb": [
                "form"
            ]
        },
        "design a day": {
            "Verb": [
                "design"
            ]
        },
        "release habits": {
            "Verb": [
                "release"
            ]
        },
        "easily release any habits": {
            "Verb": [
                "release"
            ]
        },
        "already see myself": {
            "Verb": [
                "see"
            ]
        },
        "embody youthful juicy energy": {
            "Verb": [
                "embody"
            ]
        },
        "no one can resist": {
            "Verb": [
                "resist"
            ]
        },
        "I am captivating": {
            "Verb": [
                "capture"
            ]
        },
        "temptation that no one can resist": {
            "Verb": [
                "capture"
            ]
        },
        "without trying": {
            "Verb": [
                "try"
            ]
        },
        "someone is willing to give": {
            "Verb": [
                "give"
            ]
        },
        "body": {
            "Noun": [
                "workout"
            ]
        },
        "routines": {
            "Noun": [
                "workout"
            ]
        },
        "change": {
            "Noun": [
                "workout"
            ]
        },
        "physique": {
            "Noun": [
                "workout"
            ]
        },
        "treatment": {
            "Noun": [
                "relationship"
            ]
        },
        "relationship": {
            "Noun": [
                "relationship"
            ]
        },
        "partner": {
            "Noun": [
                "relationship"
            ]
        },
        "commitment": {
            "Noun": [
                "relationship"
            ]
        },
        "success": {
            "Noun": [
                "success",
                "branding"
            ]
        },
        "winner": {
            "Noun": [
                "success"
            ]
        },
        "revenge": {
            "Noun": [
                "success"
            ]
        },
        "profitability": {
            "Noun": [
                "success"
            ]
        },
        "excellence": {
            "Noun": [
                "success"
            ]
        },
        "promotions": {
            "Noun": [
                "success"
            ]
        },
        "salary": {
            "Noun": [
                "success"
            ]
        },
        "performance": {
            "Noun": [
                "success"
            ]
        },
        "service": {
            "Noun": [
                "success",
                "branding"
            ]
        },
        "brand": {
            "Noun": [
                "success",
                "branding"
            ]
        },
        "market": {
            "Noun": [
                "success",
                "branding"
            ]
        },
        "employee": {
            "Noun": [
                "success"
            ]
        },
        "job": {
            "Noun": [
                "success"
            ]
        },
        "hiring process": {
            "Noun": [
                "success"
            ]
        },
        "decision": {
            "Noun": [
                "success",
                "study",
                "success2"
            ]
        },
        "image": {
            "Noun": [
                "branding"
            ]
        },
        "product": {
            "Noun": [
                "branding"
            ]
        },
        "trendsetter": {
            "Noun": [
                "branding"
            ]
        },
        "visibility": {
            "Noun": [
                "branding"
            ]
        },
        "studies": {
            "Noun": [
                "study"
            ]
        },
        "tasks": {
            "Noun": [
                "study"
            ]
        },
        "skill": {
            "Noun": [
                "study"
            ]
        },
        "information": {
            "Noun": [
                "study"
            ]
        },
        "problem": {
            "Noun": [
                "study"
            ]
        },
        "solution": {
            "Noun": [
                "study"
            ]
        },
        "learning": {
            "Noun": [
                "study"
            ]
        },
        "test": {
            "Noun": [
                "study"
            ]
        },
        "study": {
            "Noun": [
                "study"
            ]
        },
        "choice": {
            "Noun": [
                "study"
            ]
        },
        "smoking": {
            "Noun": [
                "smoking"
            ]
        },
        "emotional health": {
            "Noun": [
                "emotions"
            ]
        },
        "regulation": {
            "Noun": [
                "emotions"
            ]
        },
        "guilt": {
            "Noun": [
                "emotions"
            ]
        },
        "regret": {
            "Noun": [
                "emotions"
            ]
        },
        "forgiveness": {
            "Noun": [
                "emotions"
            ]
        },
        "resentment": {
            "Noun": [
                "emotions"
            ]
        },
        "growth": {
            "Noun": [
                "emotions",
                "success2"
            ]
        },
        "triggers": {
            "Noun": [
                "emotions",
                "success2"
            ]
        },
        "pregnancy": {
            "Noun": [
                "fertility"
            ]
        },
        "child bearing health": {
            "Noun": [
                "fertility"
            ]
        },
        "hormones": {
            "Noun": [
                "fertility"
            ]
        },
        "skin": {
            "Noun": [
                "beauty"
            ]
        },
        "hair": {
            "Noun": [
                "beauty"
            ]
        },
        "nails": {
            "Noun": [
                "beauty"
            ]
        },
        "appearance": {
            "Noun": [
                "beauty"
            ]
        },
        "youthful vitality": {
            "Noun": [
                "beauty"
            ]
        },
        "obstacle": {
            "Noun": [
                "success2"
            ]
        },
        "mental sanity": {
            "Noun": [
                "success2"
            ]
        },
        "constructive manner": {
            "Noun": [
                "success2"
            ]
        },
        "resilience": {
            "Noun": [
                "success2"
            ]
        },
        "competitor": {
            "Noun": [
                "success2"
            ]
        },
        "productive": {
            "Adjective": [
                "productivity"
            ]
        },
        "focused": {
            "Adjective": [
                "productivity"
            ]
        },
        "clean": {
            "Adjective": [
                "healthy"
            ]
        },
        "luscious": {
            "Adjective": [
                "healthy"
            ]
        },
        "lifestyle": {
            "Adjective": [
                "healthy"
            ]
        },
        "sustainable": {
            "Adjective": [
                "healthy"
            ]
        },
        "successful": {
            "Adjective": [
                "successful"
            ]
        },
        "financially successful": {
            "Adjective": [
                "successful"
            ]
        },
        "compensated": {
            "Adjective": [
                "successful"
            ]
        },
        "recognized": {
            "Adjective": [
                "successful"
            ]
        },
        "profitable": {
            "Adjective": [
                "successful",
                "successful"
            ]
        },
        "exceeding": {
            "Adjective": [
                "successful"
            ]
        },
        "above standards": {
            "Adjective": [
                "successful"
            ]
        },
        "luxurious": {
            "Adjective": [
                "successful"
            ]
        },
        "attractive": {
            "Adjective": [
                "physical"
            ]
        },
        "charismatic": {
            "Adjective": [
                "successful"
            ]
        },
        "effective": {
            "Adjective": [
                "successful"
            ]
        },
        "beneficial": {
            "Adjective": [
                "successful"
            ]
        },
        "easy": {
            "Adjective": [
                "successful"
            ]
        },
        "relaxed": {
            "Adjective": [
                "successful"
            ]
        },
        "confident": {
            "Adjective": [
                "positive"
            ]
        },
        "regulated": {
            "Adjective": [
                "successful"
            ]
        },
        "calm": {
            "Adjective": [
                "successful"
            ]
        },
        "peaceful": {
            "Adjective": [
                "successful"
            ]
        },
        "fertile": {
            "Adjective": [
                "successful"
            ]
        },
        "thriving": {
            "Adjective": [
                "successful"
            ]
        },
        "sexy": {
            "Adjective": [
                "successful"
            ]
        },
        "captivating": {
            "Adjective": [
                "successful"
            ]
        },
        "alluring": {
            "Adjective": [
                "successful"
            ]
        },
        "exercise": {
            "Verb": [
                "workout"
            ]
        },
        "maintaining": {
            "Verb": [
                "workout"
            ]
        },
        "completing": {
            "Verb": [
                "workout"
            ]
        },
        "growing": {
            "Verb": [
                "workout"
            ]
        },
        "designing": {
            "Verb": [
                "workout"
            ]
        },
        "embodying": {
            "Verb": [
                "workout"
            ]
        },
        "create": {
            "Verb": [
                "creating",
                "creating",
                "creating",
                "creating",
                "creating",
                "creating",
                "creating",
                "creating",
                "creating"
            ]
        },
        "excel": {
            "Verb": [
                "branding"
            ]
        },
        "expand": {
            "Verb": [
                "branding"
            ]
        },
        "observe": {
            "Verb": [
                "branding"
            ]
        },
        "learn": {
            "Verb": [
                "branding"
            ]
        },
        "adjust": {
            "Verb": [
                "branding",
                "study"
            ]
        },
        "pivot": {
            "Verb": [
                "branding"
            ]
        },
        "set": {
            "Verb": [
                "branding"
            ]
        },
        "raise": {
            "Verb": [
                "branding"
            ]
        },
        "win": {
            "Verb": [
                "branding"
            ]
        },
        "achieve": {
            "Verb": [
                "branding",
                "success"
            ]
        },
        "lead": {
            "Verb": [
                "branding"
            ]
        },
        "stand out": {
            "Verb": [
                "branding"
            ]
        },
        "recognize": {
            "Verb": [
                "branding"
            ]
        },
        "compensate": {
            "Verb": [
                "branding"
            ]
        },
        "price": {
            "Verb": [
                "branding"
            ]
        },
        "discount": {
            "Verb": [
                "branding"
            ]
        },
        "beg": {
            "Verb": [
                "branding"
            ]
        },
        "attract": {
            "Verb": [
                "branding"
            ]
        },
        "create hype": {
            "Verb": [
                "branding"
            ]
        },
        "trust": {
            "Verb": [
                "trusting",
                "trusting",
                "trusting",
                "trusting",
                "trusting",
                "trusting"
            ]
        },
        "organize": {
            "Verb": [
                "study"
            ]
        },
        "focus": {
            "Verb": [
                "study"
            ]
        },
        "block out": {
            "Verb": [
                "study"
            ]
        },
        "recall": {
            "Verb": [
                "study"
            ]
        },
        "retaining": {
            "Verb": [
                "study"
            ]
        },
        "believe": {
            "Verb": [
                "study"
            ]
        },
        "start": {
            "Verb": [
                "study"
            ]
        },
        "compute": {
            "Verb": [
                "study"
            ]
        },
        "solve": {
            "Verb": [
                "study",
                "success"
            ]
        },
        "forgive": {
            "Verb": [
                "emotions"
            ]
        },
        "release": {
            "Verb": [
                "emotions"
            ]
        },
        "channel": {
            "Verb": [
                "emotions"
            ]
        },
        "identify": {
            "Verb": [
                "emotions"
            ]
        },
        "let go": {
            "Verb": [
                "emotions"
            ]
        },
        "break": {
            "Verb": [
                "emotions"
            ]
        },
        "optimize": {
            "Verb": [
                "fertility"
            ]
        },
        "pregnant": {
            "Verb": [
                "fertility"
            ]
        },
        "maintain": {
            "Verb": [
                "fertility",
                "beauty"
            ]
        },
        "sustain": {
            "Verb": [
                "fertility"
            ]
        },
        "receive": {
            "Verb": [
                "fertility",
                "beauty"
            ]
        },
        "get": {
            "Verb": [
                "beauty"
            ]
        },
        "request": {
            "Verb": [
                "success"
            ]
        },
        "remove": {
            "Verb": [
                "success"
            ]
        },
        "flow": {
            "Verb": [
                "success"
            ]
        },
        "dominate": {
            "Verb": [
                "success"
            ]
        },
        "normalize": {
            "Verb": [
                "success"
            ]
        },
        "accept": {
            "Verb": [
                "success"
            ]
        },
        "benefit": {
            "Verb": [
                "success"
            ]
        },
        "discern": {
            "Verb": [
                "success"
            ]
        },
        "a relationship": {
            "Noun": [
                "relationship"
            ]
        },
        "an exciting chase": {
            "Noun": [
                "relationship"
            ]
        },
        "the right beautiful trans girl": {
            "Noun": [
                "relationship"
            ]
        },
        "trans girls": {
            "Noun": [
                "gender"
            ]
        },
        "normal trans girls": {
            "Noun": [
                "gender",
                "personality"
            ]
        },
        "me": {
            "Noun": [
                "personality"
            ]
        },
        "hot": {
            "Adjective": [
                "physical"
            ]
        },
        "the right": {
            "Adjective": [
                "physical"
            ]
        },
        "be": {
            "Verb": [
                "social"
            ]
        },
        "asking out": {
            "Verb": [
                "social"
            ]
        },
        "pursued by": {
            "Verb": [
                "social"
            ]
        },
        "come to": {
            "Verb": [
                "social"
            ]
        },
        "deserve": {
            "Verb": [
                "social"
            ]
        },
        "fight for": {
            "Verb": [
                "social"
            ]
        },
        "choose": {
            "Verb": [
                "social"
            ]
        },
        "trusting": {
            "Verb": [
                "social"
            ]
        },
        "support": {
            "Noun": [
                "positivity"
            ]
        },
        "nourishment": {
            "Noun": [
                "positivity"
            ]
        },
        "happiness": {
            "Noun": [
                "positivity"
            ]
        },
        "confidence": {
            "Noun": [
                "positivity"
            ]
        },
        "changes": {
            "Noun": [
                "positivity"
            ]
        },
        "interactions": {
            "Noun": [
                "positivity"
            ]
        },
        "solutions": {
            "Noun": [
                "positivity"
            ]
        },
        "anxiety": {
            "Noun": [
                "anxiety"
            ]
        },
        "worries": {
            "Noun": [
                "anxiety",
                "worries",
                "worries"
            ]
        },
        "state of confidence": {
            "Noun": [
                "state",
                "state",
                "state"
            ]
        },
        "state of complete confidence": {
            "Noun": [
                "state",
                "state"
            ]
        },
        "life": {
            "Noun": [
                "life"
            ]
        },
        "powers": {
            "Noun": [
                "power"
            ]
        },
        "inner powers": {
            "Noun": [
                "power"
            ]
        },
        "brain": {
            "Noun": [
                "brain"
            ]
        },
        "detaching": {
            "Noun": [
                "detachment"
            ]
        },
        "mountain": {
            "Noun": [
                "mountain"
            ]
        },
        "sea": {
            "Noun": [
                "sea"
            ]
        },
        "positive": {
            "Adjective": [
                "positive"
            ]
        },
        "amazing": {
            "Adjective": [
                "positive"
            ]
        },
        "happy": {
            "Adjective": [
                "positive"
            ]
        },
        "powerful": {
            "Adjective": [
                "positive"
            ]
        },
        "aligned": {
            "Adjective": [
                "positive"
            ],
            "Verb": [
                "aligning"
            ]
        },
        "supported": {
            "Adjective": [
                "positive"
            ]
        },
        "understood": {
            "Adjective": [
                "positive"
            ]
        },
        "complete": {
            "Adjective": [
                "positive",
                "positive",
                "positive",
                "positive"
            ]
        },
        "greatest inner": {
            "Adjective": [
                "inner"
            ]
        },
        "utmost": {
            "Adjective": [
                "utmost",
                "utmost"
            ]
        },
        "making": {
            "Verb": [
                "making"
            ]
        },
        "imagining": {
            "Verb": [
                "imagining"
            ]
        },
        "remaining": {
            "Verb": [
                "remaining"
            ]
        },
        "holding": {
            "Verb": [
                "holding",
                "holding"
            ]
        },
        "creating": {
            "Verb": [
                "creating"
            ]
        },
        "created": {
            "Verb": [
                "creating"
            ]
        },
        "empowered": {
            "Verb": [
                "empowered"
            ]
        },
        "translates": {
            "Verb": [
                "translates"
            ]
        },
        "able to cultivate": {
            "Verb": [
                "cultivate",
                "cultivate"
            ]
        },
        "cultivate": {
            "Verb": [
                "cultivate"
            ]
        },
        "love": {
            "Verb": [
                "loving"
            ]
        },
        "identifying": {
            "Verb": [
                "identifying"
            ]
        },
        "handled": {
            "Verb": [
                "handled"
            ]
        },
        "lifted up": {
            "Verb": [
                "lifted"
            ]
        },
        "thrown": {
            "Verb": [
                "thrown"
            ]
        },
        "approaching": {
            "Verb": [
                "approaching",
                "approaching"
            ]
        },
        "all of my body's needs": {
            "Noun": [
                "body"
            ]
        },
        "every moment I exist": {
            "Noun": [
                "body"
            ]
        },
        "the state of my body's wellness": {
            "Noun": [
                "body"
            ]
        },
        "whatever they can": {
            "Noun": [
                "people"
            ]
        },
        "you": {
            "Noun": [
                "people"
            ]
        },
        "win your favor": {
            "Noun": [
                "people"
            ]
        },
        "make you happy": {
            "Noun": [
                "people"
            ]
        },
        "or person": {
            "Noun": [
                "circumstance"
            ]
        },
        "being successful": {
            "Noun": [
                "circumstance"
            ]
        },
        "judgments or opinions": {
            "Noun": [
                "circumstance"
            ]
        },
        "a part of learning": {
            "Noun": [
                "mistakes"
            ]
        },
        "negative self-talk from my mind": {
            "Noun": [
                "mistakes"
            ]
        },
        "vibes": {
            "Noun": [
                "city"
            ],
            "Adjective": [
                "smooth"
            ]
        },
        "neon lights": {
            "Noun": [
                "city"
            ]
        },
        "the city's alive": {
            "Noun": [
                "city"
            ]
        },
        "the street": {
            "Noun": [
                "city"
            ]
        },
        "the glow": {
            "Noun": [
                "aura"
            ]
        },
        "my radar": {
            "Noun": [
                "girl"
            ]
        },
        "my way": {
            "Noun": [
                "girl"
            ]
        },
        "they got": {
            "Noun": [
                "girl"
            ]
        },
        "the one who's meant for me": {
            "Noun": [
                "girl"
            ],
            "Verb": [
                "find"
            ]
        },
        "blowing up": {
            "Noun": [
                "phone"
            ],
            "Adverb": [
                "constantly"
            ]
        },
        "texts": {
            "Adjective": [
                "late-night"
            ]
        },
        "walk": {
            "Adjective": [
                "gentle"
            ]
        },
        "no need to show": {
            "Adjective": [
                "real"
            ]
        },
        "grounded": {
            "Adjective": [
                "real"
            ]
        },
        "a love": {
            "Adjective": [
                "deep"
            ]
        },
        "good enough": {
            "Adjective": [
                "inherent"
            ]
        },
        "constantly": {
            "Verb": [
                "healing"
            ]
        },
        "in every moment I exist": {
            "Verb": [
                "healing"
            ]
        },
        "no longer": {
            "Verb": [
                "doubt"
            ]
        },
        "the high value I possess": {
            "Verb": [
                "doubt"
            ]
        },
        "in any and all situations": {
            "Verb": [
                "exist"
            ]
        },
        "it is okay to make mistakes": {
            "Verb": [
                "accept"
            ]
        },
        "that I am human": {
            "Verb": [
                "accept"
            ]
        },
        "that making mistakes is a part of learning": {
            "Verb": [
                "accept"
            ]
        },
        "myself for being overly harsh or self critical": {
            "Verb": [
                "accept"
            ]
        },
        "all negative self-talk from my mind": {
            "Verb": [
                "release"
            ]
        },
        "any pressure I place on myself": {
            "Verb": [
                "release"
            ]
        },
        "all the blessings in my life": {
            "Verb": [
                "release"
            ]
        },
        "anyone to create a life I love": {
            "Verb": [
                "impress"
            ]
        },
        "myself": {
            "Verb": [
                "forgive"
            ]
        },
        "and accept myself": {
            "Verb": [
                "love"
            ]
        },
        "the smoke": {
            "Verb": [
                "feel"
            ]
        },
        "for a fling": {
            "Verb": [
                "looking"
            ]
        },
        "for real": {
            "Verb": [
                "looking"
            ]
        },
        "the love": {
            "Verb": [
                "appreciate"
            ]
        },
        "focused on my grind": {
            "Verb": [
                "be"
            ]
        },
        "through the smoke": {
            "Verb": [
                "see"
            ]
        },
        "above": {
            "Verb": [
                "soaring"
            ]
        },
        "being favoritized": {
            "Adverb": [
                "always"
            ]
        },
        "comes naturally to me": {
            "Adverb": [
                "always"
            ]
        },
        "forgiving towards me": {
            "Adverb": [
                "always"
            ]
        },
        "healing": {
            "Adverb": [
                "constantly"
            ]
        },
        "healing in every moment I exist": {
            "Adverb": [
                "constantly"
            ]
        },
        "doubt": {
            "Adverb": [
                "no longer"
            ]
        },
        "doubting the high value I possess": {
            "Adverb": [
                "never"
            ]
        },
        "comes to me": {
            "Adverb": [
                "naturally"
            ]
        }
    }
}